
{
    "ver": 36,
    "sessionStartTime": 1698556727845,
    "scrollDepth": 0,
    "sessionDepth": [
        "-793182020"
    ],
    "timeOnSite": 0,
    "crossSessionsData": {
        "sessionsHistory": [
            1698556727845
        ]
    },
    "numOfTimesMetricsSent": 3
}


{
    "ver": 36,
    "sessionStartTime": 1698556727845,
    "scrollDepth": 0,
    "sessionDepth": [
        "-793182020"
    ],
    "timeOnSite": 27488,
    "crossSessionsData": {
        "sessionsHistory": [
            1698556727845
        ]
    },
    "numOfTimesMetricsSent": 7
}


{
    "v": [
        {
            "i": "5b22082a9ae168647b5a5ec2",
            "c": [
                {
                    "t": "custom_event",
                    "d": "prime-for-push-DrueckGlueck"
                }
            ],
            "s": "2018-05-08T12:50:00.000Z",
            "e": null,
            "p": 1000001000,
            "t": "templated_iam",
            "da": {
                "trigger_id": "NWIyMjA4MmE5YWUxNjg2NDdiNWE1ZWMyXyRfbXY9NWIyMjA4Mjc5YWUxNjg2NDdiNWE1ZWIwJnBpPWNtcA=="
            },
            "d": 0,
            "r": 86400,
            "tm": null,
            "lt": null
        },
        {
            "i": "5b220c1c3f0da2071725171b",
            "c": [
                {
                    "t": "custom_event",
                    "d": "prime-for-push-PlayOJO"
                }
            ],
            "s": "2018-05-08T12:50:00.000Z",
            "e": null,
            "p": 2000013000,
            "t": "templated_iam",
            "da": {
                "trigger_id": "NWIyMjBjMWMzZjBkYTIwNzE3MjUxNzFiXyRfbXY9NWIyMjBjMWIzZjBkYTIwNzE3MjUxNzA5JnBpPWNtcA=="
            },
            "d": 0,
            "r": 86400,
            "tm": null,
            "lt": null
        },
        {
            "i": "5b2373d9b0c2be066ad1acfb",
            "c": [
                {
                    "t": "custom_event",
                    "d": "prime-for-push-AHTIGames"
                }
            ],
            "s": "2018-05-08T12:50:00.000Z",
            "e": null,
            "p": 1000003000,
            "t": "templated_iam",
            "da": {
                "trigger_id": "NWIyMzczZDliMGMyYmUwNjZhZDFhY2ZiXyRfbXY9NWIyMzczZDZiMGMyYmUwNjZhZDFhY2U5JnBpPWNtcA=="
            },
            "d": 0,
            "r": 86400,
            "tm": null,
            "lt": null
        },
        {
            "i": "5b2373f643c19d4d1a0c5877",
            "c": [
                {
                    "t": "custom_event",
                    "d": "prime-for-push-BacanaPlay"
                }
            ],
            "s": "2018-05-08T12:50:00.000Z",
            "e": null,
            "p": 1000056000,
            "t": "templated_iam",
            "da": {
                "trigger_id": "NWIyMzczZjY0M2MxOWQ0ZDFhMGM1ODc3XyRfbXY9NWIyMzczZjU0M2MxOWQ0ZDFhMGM1ODY1JnBpPWNtcA=="
            },
            "d": 0,
            "r": 86400,
            "tm": null,
            "lt": null
        },
        {
            "i": "5b23741436dc7859e2d34e36",
            "c": [
                {
                    "t": "custom_event",
                    "d": "prime-for-push-CasinoAndFriends"
                }
            ],
            "s": "2018-05-08T12:50:00.000Z",
            "e": null,
            "p": 1000055000,
            "t": "templated_iam",
            "da": {
                "trigger_id": "NWIyMzc0MTQzNmRjNzg1OWUyZDM0ZTM2XyRfbXY9NWIyMzc0MTQzNmRjNzg1OWUyZDM0ZTI0JnBpPWNtcA=="
            },
            "d": 0,
            "r": 86400,
            "tm": null,
            "lt": null
        },
        {
            "i": "5b23743836dc7859e2d34e57",
            "c": [
                {
                    "t": "custom_event",
                    "d": "prime-for-push-CasinoRedKings"
                }
            ],
            "s": "2018-05-08T12:50:00.000Z",
            "e": null,
            "p": 1000047000,
            "t": "templated_iam",
            "da": {
                "trigger_id": "NWIyMzc0MzgzNmRjNzg1OWUyZDM0ZTU3XyRfbXY9NWIyMzc0MzYzNmRjNzg1OWUyZDM0ZTQ1JnBpPWNtcA=="
            },
            "d": 0,
            "r": 86400,
            "tm": null,
            "lt": null
        },
        {
            "i": "5b23745898cf4b2b4fe0ce8b",
            "c": [
                {
                    "t": "custom_event",
                    "d": "prime-for-push-ClemensSpillehal"
                }
            ],
            "s": "2018-05-08T12:50:00.000Z",
            "e": null,
            "p": 1000046000,
            "t": "templated_iam",
            "da": {
                "trigger_id": "NWIyMzc0NTg5OGNmNGIyYjRmZTBjZThiXyRfbXY9NWIyMzc0NTY5OGNmNGIyYjRmZTBjZTc5JnBpPWNtcA=="
            },
            "d": 0,
            "r": 86400,
            "tm": null,
            "lt": null
        },
        {
            "i": "5b23749098cf4b2b1ae0cdf1",
            "c": [
                {
                    "t": "custom_event",
                    "d": "prime-for-push-EuroKingCasino"
                }
            ],
            "s": "2018-05-08T12:50:00.000Z",
            "e": null,
            "p": 1000041000,
            "t": "templated_iam",
            "da": {
                "trigger_id": "NWIyMzc0OTA5OGNmNGIyYjFhZTBjZGYxXyRfbXY9NWIyMzc0OTA5OGNmNGIyYjFhZTBjZGRmJnBpPWNtcA=="
            },
            "d": 0,
            "r": 86400,
            "tm": null,
            "lt": null
        },
        {
            "i": "5b2374a636dc785b39d34f17",
            "c": [
                {
                    "t": "custom_event",
                    "d": "prime-for-push-EuroMania"
                }
            ],
            "s": "2018-05-08T12:50:00.000Z",
            "e": null,
            "p": 1000040000,
            "t": "templated_iam",
            "da": {
                "trigger_id": "NWIyMzc0YTYzNmRjNzg1YjM5ZDM0ZjE3XyRfbXY9NWIyMzc0YTYzNmRjNzg1YjM5ZDM0ZjA1JnBpPWNtcA=="
            },
            "d": 0,
            "r": 86400,
            "tm": null,
            "lt": null
        },
        {
            "i": "5b2374ba98cf4b2c91e0cd64",
            "c": [
                {
                    "t": "custom_event",
                    "d": "prime-for-push-LuckyNiki"
                }
            ],
            "s": "2018-05-08T12:50:00.000Z",
            "e": null,
            "p": 1000039000,
            "t": "templated_iam",
            "da": {
                "trigger_id": "NWIyMzc0YmE5OGNmNGIyYzkxZTBjZDY0XyRfbXY9NWIyMzc0Yjk5OGNmNGIyYzkxZTBjZDUyJnBpPWNtcA=="
            },
            "d": 0,
            "r": 86400,
            "tm": null,
            "lt": null
        },
        {
            "i": "5b2374d03f0da21d1ca3f55e",
            "c": [
                {
                    "t": "custom_event",
                    "d": "prime-for-push-LunaCasino"
                }
            ],
            "s": "2018-05-08T12:50:00.000Z",
            "e": null,
            "p": 1000038000,
            "t": "templated_iam",
            "da": {
                "trigger_id": "NWIyMzc0ZDAzZjBkYTIxZDFjYTNmNTVlXyRfbXY9NWIyMzc0Y2QzZjBkYTIxZDFjYTNmNTRjJnBpPWNtcA=="
            },
            "d": 0,
            "r": 86400,
            "tm": null,
            "lt": null
        },
        {
            "i": "5b2374e598cf4b2ad2e0ce6b",
            "c": [
                {
                    "t": "custom_event",
                    "d": "prime-for-push-ParisVegasCasino"
                }
            ],
            "s": "2018-05-08T12:50:00.000Z",
            "e": null,
            "p": 1000036000,
            "t": "templated_iam",
            "da": {
                "trigger_id": "NWIyMzc0ZTU5OGNmNGIyYWQyZTBjZTZiXyRfbXY9NWIyMzc0ZTU5OGNmNGIyYWQyZTBjZTU5JnBpPWNtcA=="
            },
            "d": 0,
            "r": 86400,
            "tm": null,
            "lt": null
        },
        {
            "i": "5b2374f898cf4b2db2e0ce62",
            "c": [
                {
                    "t": "custom_event",
                    "d": "prime-for-push-QueenVegas"
                }
            ],
            "s": "2018-05-08T12:50:00.000Z",
            "e": null,
            "p": 1000033000,
            "t": "templated_iam",
            "da": {
                "trigger_id": "NWIyMzc0Zjg5OGNmNGIyZGIyZTBjZTYyXyRfbXY9NWIyMzc0Zjg5OGNmNGIyZGIyZTBjZTUwJnBpPWNtcA=="
            },
            "d": 0,
            "r": 86400,
            "tm": null,
            "lt": null
        },
        {
            "i": "5b23752636dc785948d34ddb",
            "c": [
                {
                    "t": "custom_event",
                    "d": "prime-for-push-SlotsMagic"
                }
            ],
            "s": "2018-05-08T12:50:00.000Z",
            "e": null,
            "p": 1000030000,
            "t": "templated_iam",
            "da": {
                "trigger_id": "NWIyMzc1MjYzNmRjNzg1OTQ4ZDM0ZGRiXyRfbXY9NWIyMzc1MjYzNmRjNzg1OTQ4ZDM0ZGM5JnBpPWNtcA=="
            },
            "d": 0,
            "r": 86400,
            "tm": null,
            "lt": null
        },
        {
            "i": "5b2375379ae1683b90598c0d",
            "c": [
                {
                    "t": "custom_event",
                    "d": "prime-for-push-VegasWinner"
                }
            ],
            "s": "2018-05-08T12:50:00.000Z",
            "e": null,
            "p": 1000019000,
            "t": "templated_iam",
            "da": {
                "trigger_id": "NWIyMzc1Mzc5YWUxNjgzYjkwNTk4YzBkXyRfbXY9NWIyMzc1Mzc5YWUxNjgzYjkwNTk4YmZiJnBpPWNtcA=="
            },
            "d": 0,
            "r": 86400,
            "tm": null,
            "lt": null
        },
        {
            "i": "5b43580a43c19d66b2d45269",
            "c": [
                {
                    "t": "custom_event",
                    "d": "prime-for-push-MegaCasino"
                }
            ],
            "s": "2018-05-08T12:50:00.000Z",
            "e": null,
            "p": 1000004000,
            "t": "templated_iam",
            "da": {
                "trigger_id": "NWI0MzU4MGE0M2MxOWQ2NmIyZDQ1MjY5XyRfbXY9NWI0MzU4MDg0M2MxOWQ2NmIyZDQ1MjU3JnBpPWNtcA=="
            },
            "d": 0,
            "r": 604800,
            "tm": null,
            "lt": null
        },
        {
            "i": "5b4372c13f0da2600483437b",
            "c": [
                {
                    "t": "custom_event",
                    "d": "prime-for-push-LuckyMeSlots"
                }
            ],
            "s": "2018-05-08T12:50:00.000Z",
            "e": null,
            "p": 1000006000,
            "t": "templated_iam",
            "da": {
                "trigger_id": "NWI0MzcyYzEzZjBkYTI2MDA0ODM0MzdiXyRfbXY9NWI0MzcyYmUzZjBkYTI2MDA0ODM0MzY5JnBpPWNtcA=="
            },
            "d": 0,
            "r": 604800,
            "tm": null,
            "lt": null
        },
        {
            "i": "5b43730a3f0da261f0834488",
            "c": [
                {
                    "t": "custom_event",
                    "d": "prime-for-push-Luckylouis"
                }
            ],
            "s": "2018-05-08T12:50:00.000Z",
            "e": null,
            "p": 1000007000,
            "t": "templated_iam",
            "da": {
                "trigger_id": "NWI0MzczMGEzZjBkYTI2MWYwODM0NDg4XyRfbXY9NWI0MzczMGEzZjBkYTI2MWYwODM0NDc2JnBpPWNtcA==",
                "prefetch_image_urls": [
                    "https://cdn.braze.eu/appboy/communication/marketing/slide_up/slide_up_message_parameters/images/5b43730a3f0da261f0834470/6fcef8cf23892bb91b7c3a6446a62590c44b3504/original.gif?1535956963"
                ]
            },
            "d": 0,
            "r": 86400,
            "tm": null,
            "lt": null
        },
        {
            "i": "5b4373543f0da25fce834425",
            "c": [
                {
                    "t": "custom_event",
                    "d": "prime-for-push-royale500"
                }
            ],
            "s": "2018-05-08T12:50:00.000Z",
            "e": null,
            "p": 1000009000,
            "t": "templated_iam",
            "da": {
                "trigger_id": "NWI0MzczNTQzZjBkYTI1ZmNlODM0NDI1XyRfbXY9NWI0MzczNTMzZjBkYTI1ZmNlODM0NDEzJnBpPWNtcA==",
                "prefetch_image_urls": [
                    "https://cdn.braze.eu/appboy/communication/marketing/slide_up/slide_up_message_parameters/images/5b4373533f0da25fce83440d/26fbf6408ed9ea09fea3bb06cfa0b6893a65fbd5/original.gif?1535956269"
                ]
            },
            "d": 0,
            "r": 86400,
            "tm": null,
            "lt": null
        },
        {
            "i": "5b4373993f0da25fce834461",
            "c": [
                {
                    "t": "custom_event",
                    "d": "prime-for-push-SimbaGames"
                }
            ],
            "s": "2018-05-08T12:50:00.000Z",
            "e": null,
            "p": 1000011000,
            "t": "templated_iam",
            "da": {
                "trigger_id": "NWI0MzczOTkzZjBkYTI1ZmNlODM0NDYxXyRfbXY9NWI0MzczOTgzZjBkYTI1ZmNlODM0NDRmJnBpPWNtcA=="
            },
            "d": 0,
            "r": 604800,
            "tm": null,
            "lt": null
        },
        {
            "i": "5b4373b43f0da2612e8343d5",
            "c": [
                {
                    "t": "custom_event",
                    "d": "prime-for-push-PrimeCasino"
                }
            ],
            "s": "2018-05-08T12:50:00.000Z",
            "e": null,
            "p": 1000012000,
            "t": "templated_iam",
            "da": {
                "trigger_id": "NWI0MzczYjQzZjBkYTI2MTJlODM0M2Q1XyRfbXY9NWI0MzczYjQzZjBkYTI2MTJlODM0M2MzJnBpPWNtcA=="
            },
            "d": 0,
            "r": 604800,
            "tm": null,
            "lt": null
        },
        {
            "i": "5b60465398cf4b707b3209aa",
            "c": [
                {
                    "t": "custom_event",
                    "d": "prime-for-push-EUcasino"
                }
            ],
            "s": "2018-05-08T12:50:00.000Z",
            "e": null,
            "p": 1000048000,
            "t": "templated_iam",
            "da": {
                "trigger_id": "NWI2MDQ2NTM5OGNmNGI3MDdiMzIwOWFhXyRfbXY9NWI2MDQ2NTI5OGNmNGI3MDdiMzIwOTk4JnBpPWNtcA=="
            },
            "d": 0,
            "r": 86400,
            "tm": null,
            "lt": null
        },
        {
            "i": "5b9a051e9ae16846b80da540",
            "c": [
                {
                    "t": "custom_event",
                    "d": "prime-for-push-Playmillion"
                }
            ],
            "s": "2018-05-08T12:50:00.000Z",
            "e": null,
            "p": 1000008000,
            "t": "templated_iam",
            "da": {
                "trigger_id": "NWI5YTA1MWU5YWUxNjg0NmI4MGRhNTQwXyRfbXY9NWI5YTA1MWU5YWUxNjg0NmI4MGRhNTJlJnBpPWNtcA=="
            },
            "d": 0,
            "r": 86400,
            "tm": null,
            "lt": null
        },
        {
            "i": "5cd3c9fd43c19d3b83dcfbe0",
            "c": [
                {
                    "t": "custom_event",
                    "d": "prime-for-push-MiamiJackpots"
                }
            ],
            "s": "2018-05-08T12:50:00.000Z",
            "e": null,
            "p": 1000021000,
            "t": "templated_iam",
            "da": {
                "trigger_id": "NWNkM2M5ZmQ0M2MxOWQzYjgzZGNmYmUwXyRfbXY9NWNkM2M5ZmM0M2MxOWQzYjgzZGNmYmQwJnBpPWNtcA=="
            },
            "d": 0,
            "r": 86400,
            "tm": null,
            "lt": null
        },
        {
            "i": "5cdd44d398cf4b71c017a8e7",
            "c": [
                {
                    "t": "custom_event",
                    "d": "prime-for-push-44aces"
                }
            ],
            "s": "2018-05-08T12:50:00.000Z",
            "e": null,
            "p": 1000024000,
            "t": "templated_iam",
            "da": {
                "trigger_id": "NWNkZDQ0ZDM5OGNmNGI3MWMwMTdhOGU3XyRfbXY9NWNkZDQ0ZDM5OGNmNGI3MWMwMTdhOGQ3JnBpPWNtcA=="
            },
            "d": 0,
            "r": 86400,
            "tm": null,
            "lt": null
        },
        {
            "i": "5d08b999b0c2be0aa8603b6e",
            "c": [
                {
                    "t": "custom_event",
                    "d": "prime-for-push-PlayKasino"
                }
            ],
            "s": "2018-05-08T12:50:00.000Z",
            "e": null,
            "p": 1000026000,
            "t": "templated_iam",
            "da": {
                "trigger_id": "NWQwOGI5OTliMGMyYmUwYWE4NjAzYjZlXyRfbXY9NWQwOGI5OTliMGMyYmUwYWE4NjAzYjVlJnBpPWNtcA=="
            },
            "d": 0,
            "r": 86400,
            "tm": null,
            "lt": null
        },
        {
            "i": "5d14880bb0c2be73086ad337",
            "c": [
                {
                    "t": "custom_event",
                    "d": "prime-for-push-SwiftCasino"
                }
            ],
            "s": "2018-05-08T12:50:00.000Z",
            "e": null,
            "p": 1000022000,
            "t": "templated_iam",
            "da": {
                "trigger_id": "NWQxNDg4MGJiMGMyYmU3MzA4NmFkMzM3XyRfbXY9NWQxNDg4MGFiMGMyYmU3MzA4NmFkMzI3JnBpPWNtcA=="
            },
            "d": 0,
            "r": 86400,
            "tm": null,
            "lt": null
        },
        {
            "i": "5d305a0e3f0da232f8f170e0",
            "c": [
                {
                    "t": "custom_event",
                    "d": "prime-for-push-Ice36"
                }
            ],
            "s": "2018-05-08T12:50:00.000Z",
            "e": null,
            "p": 1000052000,
            "t": "templated_iam",
            "da": {
                "trigger_id": "NWQzMDVhMGUzZjBkYTIzMmY4ZjE3MGUwXyRfbXY9NWQzMDVhMGUzZjBkYTIzMmY4ZjE3MGQwJnBpPWNtcA=="
            },
            "d": 0,
            "r": 604800,
            "tm": null,
            "lt": null
        },
        {
            "i": "5d316bc136dc787666df5da9",
            "c": [
                {
                    "t": "custom_event",
                    "d": "prime-for-push-Lordping"
                }
            ],
            "s": "2018-05-08T12:50:00.000Z",
            "e": null,
            "p": 1000054000,
            "t": "templated_iam",
            "da": {
                "trigger_id": "NWQzMTZiYzEzNmRjNzg3NjY2ZGY1ZGE5XyRfbXY9NWQzMTZiYzAzNmRjNzg3NjY2ZGY1ZDk5JnBpPWNtcA=="
            },
            "d": 0,
            "r": 604800,
            "tm": null,
            "lt": null
        },
        {
            "i": "5d67c61e43c19d53c9eb4663",
            "c": [
                {
                    "t": "custom_event",
                    "d": "prime-for-push-LuckyVegas"
                }
            ],
            "s": "2018-05-08T12:50:00.000Z",
            "e": null,
            "p": 1000053000,
            "t": "templated_iam",
            "da": {
                "trigger_id": "NWQ2N2M2MWU0M2MxOWQ1M2M5ZWI0NjYzXyRfbXY9NWQ2N2M2MWU0M2MxOWQ1M2M5ZWI0NjUzJnBpPWNtcA=="
            },
            "d": 0,
            "r": 86400,
            "tm": null,
            "lt": null
        },
        {
            "i": "5d887a0c3f0da2099b0a0571",
            "c": [
                {
                    "t": "custom_event",
                    "d": "prime-for-push-PlayJango"
                }
            ],
            "s": "2018-05-08T12:50:00.000Z",
            "e": null,
            "p": 1000059000,
            "t": "templated_iam",
            "da": {
                "trigger_id": "NWQ4ODdhMGMzZjBkYTIwOTliMGEwNTcxXyRfbXY9NWQ4ODdhMGMzZjBkYTIwOTliMGEwNTYxJnBpPWNtcA=="
            },
            "d": 0,
            "r": 86400,
            "tm": null,
            "lt": null
        },
        {
            "i": "5dcc240836dc780e206b93c1",
            "c": [
                {
                    "t": "custom_event",
                    "d": "prime-for-push-Royalbet"
                }
            ],
            "s": "2018-05-08T12:50:00.000Z",
            "e": null,
            "p": 1000027000,
            "t": "templated_iam",
            "da": {
                "trigger_id": "NWRjYzI0MDgzNmRjNzgwZTIwNmI5M2MxXyRfbXY9NWRjYzI0MDgzNmRjNzgwZTIwNmI5M2IxJnBpPWNtcA=="
            },
            "d": 0,
            "r": 86400,
            "tm": null,
            "lt": null
        },
        {
            "i": "5dfb383b36dc784bafcaf0e9",
            "c": [
                {
                    "t": "custom_event",
                    "d": "prime-for-push-FinlandiaCasino"
                },
                {
                    "t": "custom_event",
                    "d": "prime-for-push-Winlandia"
                }
            ],
            "s": "2018-05-08T12:50:00.000Z",
            "e": null,
            "p": 1000028000,
            "t": "templated_iam",
            "da": {
                "trigger_id": "NWRmYjM4M2IzNmRjNzg0YmFmY2FmMGU5XyRfbXY9NWRmYjM4M2EzNmRjNzg0YmFmY2FmMGQ5JnBpPWNtcA=="
            },
            "d": 0,
            "r": 86400,
            "tm": null,
            "lt": null
        },
        {
            "i": "5e26d0bc43c19d618ad6d2fc",
            "c": [
                {
                    "t": "custom_event",
                    "d": "prime-for-push-Slingo"
                }
            ],
            "s": "2018-05-08T12:50:00.000Z",
            "e": null,
            "p": 1000029000,
            "t": "templated_iam",
            "da": {
                "trigger_id": "NWUyNmQwYmM0M2MxOWQ2MThhZDZkMmZjXyRfbXY9NWUyNmQwYmM0M2MxOWQ2MThhZDZkMmVjJnBpPWNtcA=="
            },
            "d": 0,
            "r": 604800,
            "tm": null,
            "lt": null
        },
        {
            "i": "5e624a519ae168185212427e",
            "c": [
                {
                    "t": "custom_event",
                    "d": "prime-for-push-PlayUZU"
                }
            ],
            "s": "2018-05-08T12:50:00.000Z",
            "e": null,
            "p": 1000062000,
            "t": "templated_iam",
            "da": {
                "trigger_id": "NWU2MjRhNTE5YWUxNjgxODUyMTI0MjdlXyRfbXY9NWU2MjRhNTE5YWUxNjgxODUyMTI0MjZlJnBpPWNtcA=="
            },
            "d": 0,
            "r": 86400,
            "tm": null,
            "lt": null
        },
        {
            "i": "5e6792da9ae16871418a9924",
            "c": [
                {
                    "t": "custom_event",
                    "d": "prime-for-push-Knightslots"
                }
            ],
            "s": "2018-05-08T12:50:00.000Z",
            "e": null,
            "p": 1000061000,
            "t": "templated_iam",
            "da": {
                "trigger_id": "NWU2NzkyZGE5YWUxNjg3MTQxOGE5OTI0XyRfbXY9NWU2NzkyZGE5YWUxNjg3MTQxOGE5OTE0JnBpPWNtcA=="
            },
            "d": 0,
            "r": 86400,
            "tm": null,
            "lt": null
        },
        {
            "i": "5e67978d3f0da223bba3a36a",
            "c": [
                {
                    "t": "custom_event",
                    "d": "prime-for-push-Turbonino"
                }
            ],
            "s": "2018-05-08T12:50:00.000Z",
            "e": null,
            "p": 1000060000,
            "t": "templated_iam",
            "da": {
                "trigger_id": "NWU2Nzk3OGQzZjBkYTIyM2JiYTNhMzZhXyRfbXY9NWU2Nzk3OGQzZjBkYTIyM2JiYTNhMzVhJnBpPWNtcA=="
            },
            "d": 0,
            "r": 86400,
            "tm": null,
            "lt": null
        },
        {
            "i": "5e9ea6d29ae16855f67c2d16",
            "c": [
                {
                    "t": "custom_event",
                    "d": "prime-for-push-WinningKings"
                }
            ],
            "s": "2018-05-08T12:50:00.000Z",
            "e": null,
            "p": 1000043000,
            "t": "templated_iam",
            "da": {
                "trigger_id": "NWU5ZWE2ZDI5YWUxNjg1NWY2N2MyZDE2XyRfbXY9NWU5ZWE2ZDE5YWUxNjg1NWY2N2MyZDA2JnBpPWNtcA=="
            },
            "d": 0,
            "r": 86400,
            "tm": null,
            "lt": null
        },
        {
            "i": "5eb518fe43c19d6f28611619",
            "c": [
                {
                    "t": "custom_event",
                    "d": "prime-for-push-SpinGenie"
                },
                {
                    "t": "custom_event",
                    "d": "prime-for-push-Spin Genie"
                }
            ],
            "s": "2018-05-08T12:50:00.000Z",
            "e": null,
            "p": 1000044000,
            "t": "templated_iam",
            "da": {
                "trigger_id": "NWViNTE4ZmU0M2MxOWQ2ZjI4NjExNjE5XyRfbXY9NWViNTE4ZmU0M2MxOWQ2ZjI4NjExNjA5JnBpPWNtcA=="
            },
            "d": 0,
            "r": 604800,
            "tm": null,
            "lt": null
        },
        {
            "i": "5f6a14153cf3a041d85605a4",
            "c": [
                {
                    "t": "custom_event",
                    "d": "prime-for-push-PrimeSlots"
                }
            ],
            "s": "2018-05-08T12:50:00.000Z",
            "e": null,
            "p": 1000013000,
            "t": "templated_iam",
            "da": {
                "trigger_id": "NWY2YTE0MTUzY2YzYTA0MWQ4NTYwNWE0XyRfbXY9NWY2YTE0MTQzY2YzYTA0MWQ4NTYwNTk0JnBpPWNtcA=="
            },
            "d": 0,
            "r": 604800,
            "tm": null,
            "lt": null
        },
        {
            "i": "5f6aea5f504ac553aad8fbd8",
            "c": [
                {
                    "t": "custom_event",
                    "d": "prime-for-push-PrimeScratchCards"
                }
            ],
            "s": "2018-05-08T12:50:00.000Z",
            "e": null,
            "p": 1000017000,
            "t": "templated_iam",
            "da": {
                "trigger_id": "NWY2YWVhNWY1MDRhYzU1M2FhZDhmYmQ4XyRfbXY9NWY2YWVhNWY1MDRhYzU1M2FhZDhmYmM4JnBpPWNtcA=="
            },
            "d": 0,
            "r": 604800,
            "tm": null,
            "lt": null
        },
        {
            "i": "5f6ca167504ac56b8c20b51d",
            "c": [
                {
                    "t": "custom_event",
                    "d": "prime-for-push-SlotStars"
                }
            ],
            "s": "2018-05-08T12:50:00.000Z",
            "e": null,
            "p": 1000031000,
            "t": "templated_iam",
            "da": {
                "trigger_id": "NWY2Y2ExNjc1MDRhYzU2YjhjMjBiNTFkXyRfbXY9NWY2Y2ExNjY1MDRhYzU2YjhjMjBiNTBkJnBpPWNtcA=="
            },
            "d": 0,
            "r": 86400,
            "tm": null,
            "lt": null
        },
        {
            "i": "5f6ca6dfd57d053cc5d15bb4",
            "c": [
                {
                    "t": "custom_event",
                    "d": "prime-for-push-MetalCasino"
                }
            ],
            "s": "2018-05-08T12:50:00.000Z",
            "e": null,
            "p": 1000034000,
            "t": "templated_iam",
            "da": {
                "trigger_id": "NWY2Y2E2ZGZkNTdkMDUzY2M1ZDE1YmI0XyRfbXY9NWY2Y2E2ZGZkNTdkMDUzY2M1ZDE1YmE0JnBpPWNtcA=="
            },
            "d": 0,
            "r": 86400,
            "tm": null,
            "lt": null
        },
        {
            "i": "5f6ca895a6b13d50be86a987",
            "c": [
                {
                    "t": "custom_event",
                    "d": "prime-for-push-ZebraWins"
                }
            ],
            "s": "2018-05-08T12:50:00.000Z",
            "e": null,
            "p": 1000035000,
            "t": "templated_iam",
            "da": {
                "trigger_id": "NWY2Y2E4OTVhNmIxM2Q1MGJlODZhOTg3XyRfbXY9NWY2Y2E4OTVhNmIxM2Q1MGJlODZhOTc3JnBpPWNtcA=="
            },
            "d": 0,
            "r": 86400,
            "tm": null,
            "lt": null
        },
        {
            "i": "5fbcdae2504ac51661512fc1",
            "c": [
                {
                    "t": "custom_event",
                    "d": "prime-for-push-PlayToro"
                }
            ],
            "s": "2018-05-08T12:50:00.000Z",
            "e": null,
            "p": 1000014000,
            "t": "templated_iam",
            "da": {
                "trigger_id": "NWZiY2RhZTI1MDRhYzUxNjYxNTEyZmMxXyRfbXY9NWZiY2RhZTI1MDRhYzUxNjYxNTEyZmIxJnBpPWNtcA=="
            },
            "d": 0,
            "r": 86400,
            "tm": null,
            "lt": null
        },
        {
            "i": "5fd24d1cd57d0508c8711b2e",
            "c": [
                {
                    "t": "custom_event",
                    "d": "prime-for-push-MaskedSingerGames"
                }
            ],
            "s": "2018-05-08T12:50:00.000Z",
            "e": null,
            "p": 1000015000,
            "t": "templated_iam",
            "da": {
                "trigger_id": "NWZkMjRkMWNkNTdkMDUwOGM4NzExYjJlXyRfbXY9NWZkMjRkMWNkNTdkMDUwOGM4NzExYjFlJnBpPWNtcA=="
            },
            "d": 0,
            "r": 86400,
            "tm": null,
            "lt": null
        },
        {
            "i": "6423df09cb770f3346ff10e3",
            "c": [
                {
                    "t": "custom_event",
                    "d": "prime-for-push-GentingCasino.co.uk"
                },
                {
                    "t": "custom_event",
                    "d": "prime-for-push-GentingCasino"
                }
            ],
            "s": "2018-05-08T12:50:00.000Z",
            "e": null,
            "p": 1000045000,
            "t": "templated_iam",
            "da": {
                "trigger_id": "NjQyM2RmMDljYjc3MGYzMzQ2ZmYxMGUzXyRfbXY9NjQyM2RmMDhjYjc3MGYzMzQ2ZmYxMGQwJnBpPWNtcA=="
            },
            "d": 0,
            "r": 604800,
            "tm": null,
            "lt": null
        },
        {
            "i": "6530e460ae53210056dcfbfa",
            "c": [
                {
                    "t": "custom_event",
                    "d": "prime-for-push-JackpotStar"
                }
            ],
            "s": "2018-05-08T12:50:00.000Z",
            "e": null,
            "p": 1000016000,
            "t": "templated_iam",
            "da": {
                "trigger_id": "NjUzMGU0NjBhZTUzMjEwMDU2ZGNmYmZhXyRfbXY9NjUzMGU0NjBhZTUzMjEwMDU2ZGNmYmU4JnBpPWNtcA=="
            },
            "d": 0,
            "r": 86400,
            "tm": null,
            "lt": null
        }
    ]
}

https://playsecure.playuzu.mx/EUC/servlet/user/totals/PlayUZU.mx/login?1698557361260

<span id="menuinfobaltxt" class="menuinfotxt">$<span id="menubalval">0.00</span></span>